student_id,Credits,courses_can_register,Block_name,block_courses
221000410,67,"['AIS301', 'AIS390', 'CSCI305', 'CSCI311/ECEN432', 'CSCI313/ECEN428', 'CSCI363']",AI-JR-1,"['AIS301', 'AIS390', 'AIS490', 'CSCI305', 'CSCI311/ECEN432', 'CSCI313/ECEN428', 'CSCI363', 'ENGL000']"
221000570,65,"['AIS301', 'AIS390', 'CSCI305', 'CSCI311/ECEN432', 'CSCI313/ECEN428', 'CSCI363']",AI-JR-1,"['AIS301', 'AIS390', 'AIS490', 'CSCI305', 'CSCI311/ECEN432', 'CSCI313/ECEN428', 'CSCI363', 'ENGL000']"
221000645,65,"['AIS301', 'AIS390', 'CSCI305', 'CSCI311/ECEN432', 'CSCI313/ECEN428', 'CSCI363']",AI-JR-1,"['AIS301', 'AIS390', 'AIS490', 'CSCI305', 'CSCI311/ECEN432', 'CSCI313/ECEN428', 'CSCI363', 'ENGL000']"
221000759,65,"['AIS301', 'AIS390', 'CSCI305', 'CSCI311/ECEN432', 'CSCI313/ECEN428', 'CSCI363']",AI-JR-1,"['AIS301', 'AIS390', 'AIS490', 'CSCI305', 'CSCI311/ECEN432', 'CSCI313/ECEN428', 'CSCI363', 'ENGL000']"
221000770,65,"['AIS301', 'AIS390', 'CSCI305', 'CSCI311/ECEN432', 'CSCI313/ECEN428', 'CSCI363']",AI-JR-1,"['AIS301', 'AIS390', 'AIS490', 'CSCI305', 'CSCI311/ECEN432', 'CSCI313/ECEN428', 'CSCI363', 'ENGL000']"
221000832,65,"['AIS301', 'AIS390', 'CSCI305', 'CSCI311/ECEN432', 'CSCI313/ECEN428', 'CSCI363']",AI-JR-1,"['AIS301', 'AIS390', 'AIS490', 'CSCI305', 'CSCI311/ECEN432', 'CSCI313/ECEN428', 'CSCI363', 'ENGL000']"
221001099,67,"['AIS301', 'AIS390', 'CSCI305', 'CSCI311/ECEN432', 'CSCI313/ECEN428', 'CSCI363']",AI-JR-1,"['AIS301', 'AIS390', 'AIS490', 'CSCI305', 'CSCI311/ECEN432', 'CSCI313/ECEN428', 'CSCI363', 'ENGL000']"
221001237,65,"['AIS301', 'AIS390', 'CSCI305', 'CSCI311/ECEN432', 'CSCI313/ECEN428', 'CSCI363']",AI-JR-1,"['AIS301', 'AIS390', 'AIS490', 'CSCI305', 'CSCI311/ECEN432', 'CSCI313/ECEN428', 'CSCI363', 'ENGL000']"
221001565,65,"['AIS301', 'AIS390', 'CSCI305', 'CSCI311/ECEN432', 'CSCI313/ECEN428', 'CSCI363']",AI-JR-1,"['AIS301', 'AIS390', 'AIS490', 'CSCI305', 'CSCI311/ECEN432', 'CSCI313/ECEN428', 'CSCI363', 'ENGL000']"
221001701,65,"['AIS301', 'AIS390', 'CSCI305', 'CSCI311/ECEN432', 'CSCI313/ECEN428', 'CSCI363']",AI-JR-1,"['AIS301', 'AIS390', 'AIS490', 'CSCI305', 'CSCI311/ECEN432', 'CSCI313/ECEN428', 'CSCI363', 'ENGL000']"
221002051,67,"['AIS301', 'AIS390', 'CSCI305', 'CSCI311/ECEN432', 'CSCI313/ECEN428', 'CSCI363']",AI-JR-1,"['AIS301', 'AIS390', 'AIS490', 'CSCI305', 'CSCI311/ECEN432', 'CSCI313/ECEN428', 'CSCI363', 'ENGL000']"
221000001,70,"['AIS301', 'AIS390', 'CSCI305', 'CSCI313/ECEN428', 'CSCI363', 'CSCI410']",AI-JR-2,"['AIS301', 'AIS390', 'AIS490', 'CSCI305', 'CSCI313/ECEN428', 'CSCI363', 'CSCI410']"
221000424,68,"['AIS301', 'AIS390', 'CSCI305', 'CSCI313/ECEN428', 'CSCI363', 'CSCI410']",AI-JR-2,"['AIS301', 'AIS390', 'AIS490', 'CSCI305', 'CSCI313/ECEN428', 'CSCI363', 'CSCI410']"
221000432,71,"['AIS301', 'AIS390', 'CSCI363', 'CSCI410', 'CSCI461', 'ENGL202']",AI-JR-3,"['AIS301', 'AIS390', 'AIS490', 'CSCI363', 'CSCI410', 'CSCI461', 'ENGL000']"
221001554,73,"['AIS301', 'AIS390', 'CSCI363', 'CSCI410', 'CSCI461', 'ENGL202']",AI-JR-3,"['AIS301', 'AIS390', 'AIS490', 'CSCI363', 'CSCI410', 'CSCI461', 'ENGL000']"
221000002,70,"['AIS301', 'AIS490', 'CSCI305', 'CSCI313/ECEN428', 'CSCI363', 'CSCI410']",AI-JR-2,"['AIS301', 'AIS390', 'AIS490', 'CSCI305', 'CSCI313/ECEN428', 'CSCI363', 'CSCI410']"
212002407,80,"['AIS301', 'AIS490', 'CSCI363', 'CSCI410', 'CSCI461', 'ENGL003']",AI-JR-3,"['AIS301', 'AIS390', 'AIS490', 'CSCI363', 'CSCI410', 'CSCI461', 'ENGL000']"
231001426,30,"['AIS301', 'CSCI112', 'CSCI217', 'CSCI410', 'ECEN101C', 'MATH211']",AI-JR-8,"['AIS301', 'CSCI305', 'CSCI313/ECEN428', 'CSCI363', 'CSCI410', 'ENGL000']"
211000075,44,"['AIS301', 'CSCI208', 'CSCI212', 'CSCI305', 'CSCI313/ECEN428', 'CSCI363', 'MATH201', 'MATH301i']",AI-SO-6,"['CSCI208', 'CSCI305', 'CSCI311/ECEN432', 'CSCI313/ECEN428', 'CSCI363', 'MATH301i', 'PHYS101C']"
202002876,47,"['AIS301', 'CSCI208', 'CSCI217', 'CSCI311/ECEN432', 'CSCI322', 'MATH203i', 'MATH301i']",AI-JR-7,"['AIS301', 'CSCI305', 'CSCI311/ECEN432', 'CSCI322', 'CSCI363', 'ENGL000', 'MATH203i', 'MATH301i']"
221000253,46,"['AIS301', 'CSCI217', 'CSCI322', 'ECEN101C', 'MATH112i', 'MATH203i']",AI-JR-7,"['AIS301', 'CSCI305', 'CSCI311/ECEN432', 'CSCI322', 'CSCI363', 'ENGL000', 'MATH203i', 'MATH301i']"
211002132,50,"['AIS301', 'CSCI305', 'CSCI311/ECEN432', 'CSCI313/ECEN428', 'CSCI322', 'CSCI363', 'MATH203i', 'MATH301i']",AI-JR-7,"['AIS301', 'CSCI305', 'CSCI311/ECEN432', 'CSCI322', 'CSCI363', 'ENGL000', 'MATH203i', 'MATH301i']"
221000024,60,"['AIS301', 'CSCI305', 'CSCI311/ECEN432', 'CSCI313/ECEN428', 'CSCI322', 'CSCI363', 'MATH203i']",AI-JR-6,"['AIS301', 'CSCI305', 'CSCI311/ECEN432', 'CSCI313/ECEN428', 'CSCI363', 'MATH203i']"
221000062,63,"['AIS301', 'CSCI305', 'CSCI311/ECEN432', 'CSCI313/ECEN428', 'CSCI322', 'CSCI363', 'MATH203i']",AI-JR-6,"['AIS301', 'CSCI305', 'CSCI311/ECEN432', 'CSCI313/ECEN428', 'CSCI363', 'MATH203i']"
221000086,61,"['AIS301', 'CSCI305', 'CSCI311/ECEN432', 'CSCI313/ECEN428', 'CSCI322', 'CSCI363', 'MATH203i']",AI-JR-6,"['AIS301', 'CSCI305', 'CSCI311/ECEN432', 'CSCI313/ECEN428', 'CSCI363', 'MATH203i']"
221000108,61,"['AIS301', 'CSCI305', 'CSCI311/ECEN432', 'CSCI313/ECEN428', 'CSCI322', 'CSCI363', 'MATH203i']",AI-JR-6,"['AIS301', 'CSCI305', 'CSCI311/ECEN432', 'CSCI313/ECEN428', 'CSCI363', 'MATH203i']"
221000147,65,"['AIS301', 'CSCI305', 'CSCI311/ECEN432', 'CSCI313/ECEN428', 'CSCI322', 'CSCI363', 'MATH203i']",AI-JR-6,"['AIS301', 'CSCI305', 'CSCI311/ECEN432', 'CSCI313/ECEN428', 'CSCI363', 'MATH203i']"
221001133,63,"['AIS301', 'CSCI305', 'CSCI311/ECEN432', 'CSCI313/ECEN428', 'CSCI322', 'CSCI363', 'MATH203i']",AI-JR-6,"['AIS301', 'CSCI305', 'CSCI311/ECEN432', 'CSCI313/ECEN428', 'CSCI363', 'MATH203i']"
221001347,63,"['AIS301', 'CSCI305', 'CSCI311/ECEN432', 'CSCI313/ECEN428', 'CSCI322', 'CSCI363', 'MATH203i']",AI-JR-6,"['AIS301', 'CSCI305', 'CSCI311/ECEN432', 'CSCI313/ECEN428', 'CSCI363', 'MATH203i']"
221001470,62,"['AIS301', 'CSCI305', 'CSCI311/ECEN432', 'CSCI313/ECEN428', 'CSCI322', 'CSCI363', 'MATH203i']",AI-JR-6,"['AIS301', 'CSCI305', 'CSCI311/ECEN432', 'CSCI313/ECEN428', 'CSCI363', 'MATH203i']"
221001704,63,"['AIS301', 'CSCI305', 'CSCI311/ECEN432', 'CSCI313/ECEN428', 'CSCI322', 'CSCI363', 'MATH203i']",AI-JR-6,"['AIS301', 'CSCI305', 'CSCI311/ECEN432', 'CSCI313/ECEN428', 'CSCI363', 'MATH203i']"
221000072,64,"['AIS301', 'CSCI305', 'CSCI311/ECEN432', 'CSCI313/ECEN428', 'CSCI322', 'CSCI363']",AI-JR-4,"['AIS301', 'CSCI305', 'CSCI311/ECEN432', 'CSCI313/ECEN428', 'CSCI322', 'CSCI363', 'ENGL000']"
221000117,64,"['AIS301', 'CSCI305', 'CSCI311/ECEN432', 'CSCI313/ECEN428', 'CSCI322', 'CSCI363']",AI-JR-4,"['AIS301', 'CSCI305', 'CSCI311/ECEN432', 'CSCI313/ECEN428', 'CSCI322', 'CSCI363', 'ENGL000']"
221000142,66,"['AIS301', 'CSCI305', 'CSCI311/ECEN432', 'CSCI313/ECEN428', 'CSCI322', 'CSCI363']",AI-JR-4,"['AIS301', 'CSCI305', 'CSCI311/ECEN432', 'CSCI313/ECEN428', 'CSCI322', 'CSCI363', 'ENGL000']"
221000318,64,"['AIS301', 'CSCI305', 'CSCI311/ECEN432', 'CSCI313/ECEN428', 'CSCI322', 'CSCI363']",AI-JR-4,"['AIS301', 'CSCI305', 'CSCI311/ECEN432', 'CSCI313/ECEN428', 'CSCI322', 'CSCI363', 'ENGL000']"
221000347,66,"['AIS301', 'CSCI305', 'CSCI311/ECEN432', 'CSCI313/ECEN428', 'CSCI322', 'CSCI363']",AI-JR-4,"['AIS301', 'CSCI305', 'CSCI311/ECEN432', 'CSCI313/ECEN428', 'CSCI322', 'CSCI363', 'ENGL000']"
221000681,64,"['AIS301', 'CSCI305', 'CSCI311/ECEN432', 'CSCI313/ECEN428', 'CSCI322', 'CSCI363']",AI-JR-4,"['AIS301', 'CSCI305', 'CSCI311/ECEN432', 'CSCI313/ECEN428', 'CSCI322', 'CSCI363', 'ENGL000']"
221000744,65,"['AIS301', 'CSCI305', 'CSCI311/ECEN432', 'CSCI313/ECEN428', 'CSCI322', 'CSCI363']",AI-JR-4,"['AIS301', 'CSCI305', 'CSCI311/ECEN432', 'CSCI313/ECEN428', 'CSCI322', 'CSCI363', 'ENGL000']"
221000828,63,"['AIS301', 'CSCI305', 'CSCI311/ECEN432', 'CSCI313/ECEN428', 'CSCI322', 'CSCI363']",AI-JR-4,"['AIS301', 'CSCI305', 'CSCI311/ECEN432', 'CSCI313/ECEN428', 'CSCI322', 'CSCI363', 'ENGL000']"
221001055,60,"['AIS301', 'CSCI305', 'CSCI311/ECEN432', 'CSCI313/ECEN428', 'CSCI322', 'CSCI363']",AI-JR-4,"['AIS301', 'CSCI305', 'CSCI311/ECEN432', 'CSCI313/ECEN428', 'CSCI322', 'CSCI363', 'ENGL000']"
221001520,61,"['AIS301', 'CSCI305', 'CSCI311/ECEN432', 'CSCI313/ECEN428', 'CSCI322', 'CSCI363']",AI-JR-4,"['AIS301', 'CSCI305', 'CSCI311/ECEN432', 'CSCI313/ECEN428', 'CSCI322', 'CSCI363', 'ENGL000']"
221001592,63,"['AIS301', 'CSCI305', 'CSCI311/ECEN432', 'CSCI313/ECEN428', 'CSCI322', 'CSCI363']",AI-JR-4,"['AIS301', 'CSCI305', 'CSCI311/ECEN432', 'CSCI313/ECEN428', 'CSCI322', 'CSCI363', 'ENGL000']"
221001647,66,"['AIS301', 'CSCI305', 'CSCI311/ECEN432', 'CSCI313/ECEN428', 'CSCI322', 'CSCI363']",AI-JR-4,"['AIS301', 'CSCI305', 'CSCI311/ECEN432', 'CSCI313/ECEN428', 'CSCI322', 'CSCI363', 'ENGL000']"
221001792,66,"['AIS301', 'CSCI305', 'CSCI311/ECEN432', 'CSCI313/ECEN428', 'CSCI322', 'CSCI363']",AI-JR-4,"['AIS301', 'CSCI305', 'CSCI311/ECEN432', 'CSCI313/ECEN428', 'CSCI322', 'CSCI363', 'ENGL000']"
221001815,58,"['AIS301', 'CSCI305', 'CSCI311/ECEN432', 'CSCI313/ECEN428', 'CSCI322', 'CSCI363']",AI-JR-4,"['AIS301', 'CSCI305', 'CSCI311/ECEN432', 'CSCI313/ECEN428', 'CSCI322', 'CSCI363', 'ENGL000']"
221001524,64,"['AIS301', 'CSCI305', 'CSCI311/ECEN432', 'CSCI313/ECEN428', 'CSCI363', 'ENGL202']",AI-JR-5,"['AIS301', 'CSCI305', 'CSCI311/ECEN432', 'CSCI313/ECEN428', 'CSCI363', 'ENGL000']"
221001619,68,"['AIS301', 'CSCI305', 'CSCI311/ECEN432', 'CSCI313/ECEN428', 'CSCI363', 'ENGL202']",AI-JR-5,"['AIS301', 'CSCI305', 'CSCI311/ECEN432', 'CSCI313/ECEN428', 'CSCI363', 'ENGL000']"
221001882,64,"['AIS301', 'CSCI305', 'CSCI311/ECEN432', 'CSCI313/ECEN428', 'CSCI363', 'ENGL202']",AI-JR-5,"['AIS301', 'CSCI305', 'CSCI311/ECEN432', 'CSCI313/ECEN428', 'CSCI363', 'ENGL000']"
221001421,65,"['AIS301', 'CSCI305', 'CSCI313/ECEN428', 'CSCI322', 'CSCI363', 'CSCI410']",AI-JR-8,"['AIS301', 'CSCI305', 'CSCI313/ECEN428', 'CSCI363', 'CSCI410', 'ENGL000']"
221000123,65,"['AIS301', 'CSCI305', 'CSCI313/ECEN428', 'CSCI363', 'CSCI410', 'ENGL202']",AI-JR-8,"['AIS301', 'CSCI305', 'CSCI313/ECEN428', 'CSCI363', 'CSCI410', 'ENGL000']"
221000241,71,"['AIS301', 'CSCI305', 'CSCI313/ECEN428', 'CSCI363', 'CSCI410', 'ENGL202']",AI-JR-8,"['AIS301', 'CSCI305', 'CSCI313/ECEN428', 'CSCI363', 'CSCI410', 'ENGL000']"
221001199,69,"['AIS301', 'CSCI305', 'CSCI313/ECEN428', 'CSCI363', 'CSCI410', 'ENGL202']",AI-JR-8,"['AIS301', 'CSCI305', 'CSCI313/ECEN428', 'CSCI363', 'CSCI410', 'ENGL000']"
221000703,66,"['AIS301', 'CSCI305', 'CSCI313/ECEN428', 'CSCI363', 'CSCI410', 'MATH203i']",AI-JR-6,"['AIS301', 'CSCI305', 'CSCI311/ECEN432', 'CSCI313/ECEN428', 'CSCI363', 'MATH203i']"
221000043,78,"['AIS301', 'CSCI313/ECEN428', 'CSCI410', 'CSCI461', 'CSCI465/ECEN433', 'ENGL202']",AI-JR-8,"['AIS301', 'CSCI305', 'CSCI313/ECEN428', 'CSCI363', 'CSCI410', 'ENGL000']"
211000479,77,"['AIS301', 'CSCI313/ECEN428', 'CSCI410', 'CSCI461', 'CSCI465/ECEN433', 'MATH203i']",AI-JR-10,"['AIS390', 'AIS490', 'CSCI410', 'CSCI461', 'CSCI465/ECEN433', 'MATH203i', 'MATH301i']"
221002230,85,"['AIS301', 'CSCI363', 'CSCI410', 'CSCI461']",AI-JR-3,"['AIS301', 'AIS390', 'AIS490', 'CSCI363', 'CSCI410', 'CSCI461', 'ENGL000']"
221001425,83,"['AIS301', 'CSCI410', 'CSCI461', 'CSCI465/ECEN433', 'ENGL202', 'HUMA101']",AI-JR-3,"['AIS301', 'AIS390', 'AIS490', 'CSCI363', 'CSCI410', 'CSCI461', 'ENGL000']"
221000927,62,"['AIS390', 'CSCI305', 'CSCI311/ECEN432', 'CSCI313/ECEN428', 'CSCI363', 'HUMA101']",AI-JR-9,"['AIS390', 'AIS490', 'CSCI305', 'CSCI311/ECEN432', 'CSCI313/ECEN428', 'CSCI363', 'ENGL000', 'HUMA101']"
211001298,67,"['AIS390', 'CSCI305', 'CSCI313/ECEN428', 'CSCI363', 'CSCI410', 'MATH203i']",AI-JR-2,"['AIS301', 'AIS390', 'AIS490', 'CSCI305', 'CSCI313/ECEN428', 'CSCI363', 'CSCI410']"
211001892,66,"['AIS390', 'CSCI311/ECEN432', 'CSCI313/ECEN428', 'CSCI363', 'CSCI461', 'ENGL202']",AI-JR-1,"['AIS301', 'AIS390', 'AIS490', 'CSCI305', 'CSCI311/ECEN432', 'CSCI313/ECEN428', 'CSCI363', 'ENGL000']"
202001369,74,"['AIS390', 'CSCI410', 'CSCI461', 'CSCI465/ECEN433', 'MATH203i', 'MATH301i']",AI-JR-10,"['AIS390', 'AIS490', 'CSCI410', 'CSCI461', 'CSCI465/ECEN433', 'MATH203i', 'MATH301i']"
211000633,82,"['AIS390', 'CSCI410', 'CSCI461', 'CSCI465/ECEN433']",AI-JR-10,"['AIS390', 'AIS490', 'CSCI410', 'CSCI461', 'CSCI465/ECEN433', 'MATH203i', 'MATH301i']"
221002178,97,"['AIS411', 'AIS412', 'AIS477', 'AIS495', 'CSCI101', 'CSCI410', 'CSCI461', 'CSCI465/ECEN433', 'MATH203i']",AI-SR-5,"['AIS411', 'AIS412', 'AIS495', 'CSCI410', 'CSCI461', 'CSCI465/ECEN433', 'MATH203i', 'MATH301i']"
221001430,96,"['AIS411', 'AIS412', 'AIS477', 'AIS495', 'CSCI101', 'CSCI410', 'CSCI461', 'CSCI465/ECEN433', 'PHYS101C']",AI-SR-1,"['AIS411', 'AIS412', 'AIS477', 'AIS495', 'CSCI410', 'CSCI461']"
211001648,94,"['AIS411', 'AIS412', 'AIS477', 'AIS495', 'CSCI208', 'CSCI410', 'CSCI461', 'CSCI465/ECEN433']",AI-SR-1,"['AIS411', 'AIS412', 'AIS477', 'AIS495', 'CSCI410', 'CSCI461']"
211000405,90,"['AIS411', 'AIS412', 'AIS477', 'AIS495', 'CSCI305', 'CSCI410', 'CSCI465/ECEN433']",AI-SR-2,"['AIS411', 'AIS412', 'AIS477', 'AIS495', 'CSCI313/ECEN428', 'CSCI410', 'CSCI465/ECEN433']"
211001735,94,"['AIS411', 'AIS412', 'AIS477', 'AIS495', 'CSCI311/ECEN432', 'CSCI313/ECEN428', 'CSCI465/ECEN433']",AI-SR-2,"['AIS411', 'AIS412', 'AIS477', 'AIS495', 'CSCI313/ECEN428', 'CSCI410', 'CSCI465/ECEN433']"
211001158,99,"['AIS411', 'AIS412', 'AIS477', 'AIS495', 'CSCI313/ECEN428', 'CSCI410', 'CSCI461', 'CSCI465/ECEN433']",AI-SR-2,"['AIS411', 'AIS412', 'AIS477', 'AIS495', 'CSCI313/ECEN428', 'CSCI410', 'CSCI465/ECEN433']"
211001159,96,"['AIS411', 'AIS412', 'AIS477', 'AIS495', 'CSCI313/ECEN428', 'CSCI410', 'CSCI461', 'CSCI465/ECEN433']",AI-SR-2,"['AIS411', 'AIS412', 'AIS477', 'AIS495', 'CSCI313/ECEN428', 'CSCI410', 'CSCI465/ECEN433']"
211001737,97,"['AIS411', 'AIS412', 'AIS477', 'AIS495', 'CSCI313/ECEN428', 'CSCI410', 'CSCI461', 'CSCI465/ECEN433']",AI-SR-2,"['AIS411', 'AIS412', 'AIS477', 'AIS495', 'CSCI313/ECEN428', 'CSCI410', 'CSCI465/ECEN433']"
211000559,100,"['AIS411', 'AIS412', 'AIS477', 'AIS495', 'CSCI322', 'CSCI410', 'CSCI461']",AI-SR-1,"['AIS411', 'AIS412', 'AIS477', 'AIS495', 'CSCI410', 'CSCI461']"
211002176,89,"['AIS411', 'AIS412', 'AIS477', 'AIS495', 'CSCI363', 'CSCI410', 'CSCI461', 'MATH301i']",AI-SR-1,"['AIS411', 'AIS412', 'AIS477', 'AIS495', 'CSCI410', 'CSCI461']"
211001778,95,"['AIS411', 'AIS412', 'AIS477', 'AIS495', 'CSCI363', 'CSCI410', 'CSCI461']",AI-SR-1,"['AIS411', 'AIS412', 'AIS477', 'AIS495', 'CSCI410', 'CSCI461']"
211000202,107,"['AIS411', 'AIS412', 'AIS477', 'AIS495', 'CSCI363', 'CSCI410']",AI-SR-1,"['AIS411', 'AIS412', 'AIS477', 'AIS495', 'CSCI410', 'CSCI461']"
211000081,100,"['AIS411', 'AIS412', 'AIS477', 'AIS495', 'CSCI410', 'CSCI461', 'CSCI465/ECEN433']",AI-SR-1,"['AIS411', 'AIS412', 'AIS477', 'AIS495', 'CSCI410', 'CSCI461']"
211000345,96,"['AIS411', 'AIS412', 'AIS477', 'AIS495', 'CSCI410', 'CSCI461', 'CSCI465/ECEN433']",AI-SR-1,"['AIS411', 'AIS412', 'AIS477', 'AIS495', 'CSCI410', 'CSCI461']"
211000639,99,"['AIS411', 'AIS412', 'AIS477', 'AIS495', 'CSCI410', 'CSCI461', 'CSCI465/ECEN433']",AI-SR-1,"['AIS411', 'AIS412', 'AIS477', 'AIS495', 'CSCI410', 'CSCI461']"
211001250,98,"['AIS411', 'AIS412', 'AIS477', 'AIS495', 'CSCI410', 'CSCI461', 'CSCI465/ECEN433']",AI-SR-1,"['AIS411', 'AIS412', 'AIS477', 'AIS495', 'CSCI410', 'CSCI461']"
211001307,101,"['AIS411', 'AIS412', 'AIS477', 'AIS495', 'CSCI410', 'CSCI461', 'CSCI465/ECEN433']",AI-SR-1,"['AIS411', 'AIS412', 'AIS477', 'AIS495', 'CSCI410', 'CSCI461']"
211001541,94,"['AIS411', 'AIS412', 'AIS477', 'AIS495', 'CSCI410', 'CSCI461', 'CSCI465/ECEN433']",AI-SR-1,"['AIS411', 'AIS412', 'AIS477', 'AIS495', 'CSCI410', 'CSCI461']"
211001623,103,"['AIS411', 'AIS412', 'AIS477', 'AIS495', 'CSCI410', 'CSCI461', 'CSCI465/ECEN433']",AI-SR-1,"['AIS411', 'AIS412', 'AIS477', 'AIS495', 'CSCI410', 'CSCI461']"
211001626,108,"['AIS411', 'AIS412', 'AIS477', 'AIS495', 'CSCI410', 'CSCI461', 'CSCI465/ECEN433']",AI-SR-1,"['AIS411', 'AIS412', 'AIS477', 'AIS495', 'CSCI410', 'CSCI461']"
211001641,97,"['AIS411', 'AIS412', 'AIS477', 'AIS495', 'CSCI410', 'CSCI461', 'CSCI465/ECEN433']",AI-SR-1,"['AIS411', 'AIS412', 'AIS477', 'AIS495', 'CSCI410', 'CSCI461']"
211001650,99,"['AIS411', 'AIS412', 'AIS477', 'AIS495', 'CSCI410', 'CSCI461', 'CSCI465/ECEN433']",AI-SR-1,"['AIS411', 'AIS412', 'AIS477', 'AIS495', 'CSCI410', 'CSCI461']"
211001757,98,"['AIS411', 'AIS412', 'AIS477', 'AIS495', 'CSCI410', 'CSCI461', 'CSCI465/ECEN433']",AI-SR-1,"['AIS411', 'AIS412', 'AIS477', 'AIS495', 'CSCI410', 'CSCI461']"
211001772,99,"['AIS411', 'AIS412', 'AIS477', 'AIS495', 'CSCI410', 'CSCI461', 'CSCI465/ECEN433']",AI-SR-1,"['AIS411', 'AIS412', 'AIS477', 'AIS495', 'CSCI410', 'CSCI461']"
211001776,96,"['AIS411', 'AIS412', 'AIS477', 'AIS495', 'CSCI410', 'CSCI461', 'CSCI465/ECEN433']",AI-SR-1,"['AIS411', 'AIS412', 'AIS477', 'AIS495', 'CSCI410', 'CSCI461']"
211001816,104,"['AIS411', 'AIS412', 'AIS477', 'AIS495', 'CSCI410', 'CSCI461', 'CSCI465/ECEN433']",AI-SR-1,"['AIS411', 'AIS412', 'AIS477', 'AIS495', 'CSCI410', 'CSCI461']"
211001831,99,"['AIS411', 'AIS412', 'AIS477', 'AIS495', 'CSCI410', 'CSCI461', 'CSCI465/ECEN433']",AI-SR-1,"['AIS411', 'AIS412', 'AIS477', 'AIS495', 'CSCI410', 'CSCI461']"
211001836,99,"['AIS411', 'AIS412', 'AIS477', 'AIS495', 'CSCI410', 'CSCI461', 'CSCI465/ECEN433']",AI-SR-1,"['AIS411', 'AIS412', 'AIS477', 'AIS495', 'CSCI410', 'CSCI461']"
211001921,101,"['AIS411', 'AIS412', 'AIS477', 'AIS495', 'CSCI410', 'CSCI461', 'CSCI465/ECEN433']",AI-SR-1,"['AIS411', 'AIS412', 'AIS477', 'AIS495', 'CSCI410', 'CSCI461']"
211001978,98,"['AIS411', 'AIS412', 'AIS477', 'AIS495', 'CSCI410', 'CSCI461', 'CSCI465/ECEN433']",AI-SR-1,"['AIS411', 'AIS412', 'AIS477', 'AIS495', 'CSCI410', 'CSCI461']"
211002028,101,"['AIS411', 'AIS412', 'AIS477', 'AIS495', 'CSCI410', 'CSCI461', 'CSCI465/ECEN433']",AI-SR-1,"['AIS411', 'AIS412', 'AIS477', 'AIS495', 'CSCI410', 'CSCI461']"
211002056,98,"['AIS411', 'AIS412', 'AIS477', 'AIS495', 'CSCI410', 'CSCI461', 'CSCI465/ECEN433']",AI-SR-1,"['AIS411', 'AIS412', 'AIS477', 'AIS495', 'CSCI410', 'CSCI461']"
211002150,101,"['AIS411', 'AIS412', 'AIS477', 'AIS495', 'CSCI410', 'CSCI461', 'CSCI465/ECEN433']",AI-SR-1,"['AIS411', 'AIS412', 'AIS477', 'AIS495', 'CSCI410', 'CSCI461']"
211000565,97,"['AIS411', 'AIS412', 'AIS477', 'AIS495', 'CSCI410', 'CSCI461', 'MATH201']",AI-SR-1,"['AIS411', 'AIS412', 'AIS477', 'AIS495', 'CSCI410', 'CSCI461']"
211000069,103,"['AIS411', 'AIS412', 'AIS477', 'AIS495', 'CSCI410', 'CSCI461']",AI-SR-1,"['AIS411', 'AIS412', 'AIS477', 'AIS495', 'CSCI410', 'CSCI461']"
211000738,98,"['AIS411', 'AIS412', 'AIS477', 'AIS495', 'CSCI410', 'CSCI461']",AI-SR-1,"['AIS411', 'AIS412', 'AIS477', 'AIS495', 'CSCI410', 'CSCI461']"
211001045,101,"['AIS411', 'AIS412', 'AIS477', 'AIS495', 'CSCI410', 'CSCI461']",AI-SR-1,"['AIS411', 'AIS412', 'AIS477', 'AIS495', 'CSCI410', 'CSCI461']"
211001149,103,"['AIS411', 'AIS412', 'AIS477', 'AIS495', 'CSCI410', 'CSCI461']",AI-SR-1,"['AIS411', 'AIS412', 'AIS477', 'AIS495', 'CSCI410', 'CSCI461']"
211001752,96,"['AIS411', 'AIS412', 'AIS477', 'AIS495', 'CSCI410', 'CSCI461']",AI-SR-1,"['AIS411', 'AIS412', 'AIS477', 'AIS495', 'CSCI410', 'CSCI461']"
211000504,100,"['AIS411', 'AIS412', 'AIS477', 'AIS495', 'CSCI410', 'CSCI465/ECEN433']",AI-SR-2,"['AIS411', 'AIS412', 'AIS477', 'AIS495', 'CSCI313/ECEN428', 'CSCI410', 'CSCI465/ECEN433']"
211000540,101,"['AIS411', 'AIS412', 'AIS477', 'AIS495', 'CSCI410', 'CSCI465/ECEN433']",AI-SR-2,"['AIS411', 'AIS412', 'AIS477', 'AIS495', 'CSCI313/ECEN428', 'CSCI410', 'CSCI465/ECEN433']"
211001556,106,"['AIS411', 'AIS412', 'AIS477', 'AIS495', 'CSCI410', 'CSCI465/ECEN433']",AI-SR-2,"['AIS411', 'AIS412', 'AIS477', 'AIS495', 'CSCI313/ECEN428', 'CSCI410', 'CSCI465/ECEN433']"
211001760,99,"['AIS411', 'AIS412', 'AIS477', 'AIS495', 'CSCI410', 'CSCI465/ECEN433']",AI-SR-2,"['AIS411', 'AIS412', 'AIS477', 'AIS495', 'CSCI313/ECEN428', 'CSCI410', 'CSCI465/ECEN433']"
211001925,102,"['AIS411', 'AIS412', 'AIS477', 'AIS495', 'CSCI410', 'CSCI465/ECEN433']",AI-SR-2,"['AIS411', 'AIS412', 'AIS477', 'AIS495', 'CSCI313/ECEN428', 'CSCI410', 'CSCI465/ECEN433']"
211002053,96,"['AIS411', 'AIS412', 'AIS477', 'AIS495', 'CSCI410', 'CSCI465/ECEN433']",AI-SR-2,"['AIS411', 'AIS412', 'AIS477', 'AIS495', 'CSCI313/ECEN428', 'CSCI410', 'CSCI465/ECEN433']"
221000838,106,"['AIS411', 'AIS412', 'AIS477', 'AIS495', 'CSCI410', 'ENGL202']",AI-SR-1,"['AIS411', 'AIS412', 'AIS477', 'AIS495', 'CSCI410', 'CSCI461']"
211001749,108,"['AIS411', 'AIS412', 'AIS477', 'AIS495', 'CSCI465/ECEN433', 'ENGL202']",AI-SR-3,"['AIS411', 'AIS412', 'AIS477', 'AIS495', 'CSCI465/ECEN433', 'ENGL000']"
211001926,100,"['AIS411', 'AIS412', 'AIS477', 'AIS495', 'CSCI465/ECEN433', 'PHYS101C']",AI-SR-3,"['AIS411', 'AIS412', 'AIS477', 'AIS495', 'CSCI465/ECEN433', 'ENGL000']"
222000109,64,"['AIS411', 'AIS412', 'AIS477', 'CSCI101', 'CSCI102', 'CSCI305', 'CSCI313/ECEN428', 'CSCI410', 'CSCI465/ECEN433', 'ECEN101C', 'MATH211']",AI-SR-2,"['AIS411', 'AIS412', 'AIS477', 'AIS495', 'CSCI313/ECEN428', 'CSCI410', 'CSCI465/ECEN433']"
231000592,34,"['AIS411', 'AIS412', 'AIS477', 'CSCI101', 'CSCI112', 'CSCI305', 'CSCI313/ECEN428', 'CSCI363', 'MATH211', 'PHYS101C']",AI-SR-6,"['AIS411', 'AIS412', 'AIS477', 'CSCI313/ECEN428', 'CSCI363', 'CSCI465/ECEN433', 'ENGL000', 'MATH211']"
222000061,71,"['AIS411', 'AIS412', 'AIS477', 'CSCI102', 'CSCI212', 'CSCI305', 'CSCI313/ECEN428', 'CSCI465/ECEN433', 'MATH211']",AI-SR-6,"['AIS411', 'AIS412', 'AIS477', 'CSCI313/ECEN428', 'CSCI363', 'CSCI465/ECEN433', 'ENGL000', 'MATH211']"
211002194,85,"['AIS411', 'AIS412', 'AIS477', 'CSCI305', 'CSCI410', 'CSCI465/ECEN433']",AI-SR-2,"['AIS411', 'AIS412', 'AIS477', 'AIS495', 'CSCI313/ECEN428', 'CSCI410', 'CSCI465/ECEN433']"
211000093,84,"['AIS411', 'AIS412', 'AIS477', 'CSCI410', 'CSCI461', 'MATH201', 'MATH203i']",AI-SR-1,"['AIS411', 'AIS412', 'AIS477', 'AIS495', 'CSCI410', 'CSCI461']"
202001416,111,"['AIS411', 'AIS412', 'AIS490', 'AIS495', 'CSCI465/ECEN433', 'ENGL202']",AI-SR-3,"['AIS411', 'AIS412', 'AIS477', 'AIS495', 'CSCI465/ECEN433', 'ENGL000']"
211000865,106,"['AIS411', 'AIS412', 'AIS495', 'CSCI410', 'CSCI461', 'CSCI465/ECEN433']",AI-SR-5,"['AIS411', 'AIS412', 'AIS495', 'CSCI410', 'CSCI461', 'CSCI465/ECEN433', 'MATH203i', 'MATH301i']"
211001463,104,"['AIS411', 'AIS412', 'AIS495', 'CSCI410', 'CSCI461', 'CSCI465/ECEN433']",AI-SR-5,"['AIS411', 'AIS412', 'AIS495', 'CSCI410', 'CSCI461', 'CSCI465/ECEN433', 'MATH203i', 'MATH301i']"
211001884,104,"['AIS411', 'AIS412', 'AIS495', 'CSCI410', 'CSCI461', 'CSCI465/ECEN433']",AI-SR-5,"['AIS411', 'AIS412', 'AIS495', 'CSCI410', 'CSCI461', 'CSCI465/ECEN433', 'MATH203i', 'MATH301i']"
211001403,109,"['AIS411', 'AIS412', 'AIS495', 'CSCI410', 'CSCI465/ECEN433']",AI-SR-2,"['AIS411', 'AIS412', 'AIS477', 'AIS495', 'CSCI313/ECEN428', 'CSCI410', 'CSCI465/ECEN433']"
211001128,104,"['AIS411', 'AIS412', 'AIS495', 'CSCI465/ECEN433', 'ENGL202', 'MATH301i']",AI-SR-5,"['AIS411', 'AIS412', 'AIS495', 'CSCI410', 'CSCI461', 'CSCI465/ECEN433', 'MATH203i', 'MATH301i']"
202000383,112,"['AIS411', 'AIS412', 'AIS496', 'CSCI410', 'CSCI465/ECEN433', 'ENGL202']",AI-SR-2,"['AIS411', 'AIS412', 'AIS477', 'AIS495', 'CSCI313/ECEN428', 'CSCI410', 'CSCI465/ECEN433']"
211001948,93,"['AIS411', 'AIS477', 'AIS490', 'AIS495', 'CSCI410', 'CSCI465/ECEN433']",AI-SR-2,"['AIS411', 'AIS412', 'AIS477', 'AIS495', 'CSCI313/ECEN428', 'CSCI410', 'CSCI465/ECEN433']"
19200072,101,"['AIS411', 'AIS477', 'AIS495', 'CSCI363', 'CSCI410', 'CSCI461']",AI-SR-1,"['AIS411', 'AIS412', 'AIS477', 'AIS495', 'CSCI410', 'CSCI461']"
202000963,90,"['AIS411', 'AIS477', 'AIS495', 'CSCI410', 'CSCI465/ECEN433', 'ENGL201']",AI-SR-2,"['AIS411', 'AIS412', 'AIS477', 'AIS495', 'CSCI313/ECEN428', 'CSCI410', 'CSCI465/ECEN433']"
202001226,84,"['AIS411', 'AIS477', 'CSCI311/ECEN432', 'CSCI465/ECEN433', 'ENGL202', 'MATH203i']",AI-SR-3,"['AIS411', 'AIS412', 'AIS477', 'AIS495', 'CSCI465/ECEN433', 'ENGL000']"
221000965,79,"['AIS411', 'AIS477', 'CSCI313/ECEN428', 'CSCI410', 'CSCI461', 'CSCI465/ECEN433', 'PHYS101C']",AI-SR-2,"['AIS411', 'AIS412', 'AIS477', 'AIS495', 'CSCI313/ECEN428', 'CSCI410', 'CSCI465/ECEN433']"
211002041,67,"['AIS411', 'AIS477', 'CSCI322', 'CSCI363', 'CSCI410', 'CSCI461', 'MATH203i']",AI-SR-1,"['AIS411', 'AIS412', 'AIS477', 'AIS495', 'CSCI410', 'CSCI461']"
211001783,81,"['AIS411', 'AIS477', 'CSCI410', 'CSCI461', 'CSCI465/ECEN433', 'MATH203i', 'MATH301i']",AI-SR-5,"['AIS411', 'AIS412', 'AIS495', 'CSCI410', 'CSCI461', 'CSCI465/ECEN433', 'MATH203i', 'MATH301i']"
211000791,119,"['AIS412', 'AIS490', 'AIS495', 'CSCI410', 'CSCI465/ECEN433']",AI-SR-2,"['AIS411', 'AIS412', 'AIS477', 'AIS495', 'CSCI313/ECEN428', 'CSCI410', 'CSCI465/ECEN433']"
211000902,119,"['AIS412', 'AIS490', 'AIS495', 'CSCI410', 'CSCI465/ECEN433']",AI-SR-2,"['AIS411', 'AIS412', 'AIS477', 'AIS495', 'CSCI313/ECEN428', 'CSCI410', 'CSCI465/ECEN433']"
211000628,113,"['AIS412', 'AIS490', 'AIS495', 'CSCI465/ECEN433']",AI-SR-3,"['AIS411', 'AIS412', 'AIS477', 'AIS495', 'CSCI465/ECEN433', 'ENGL000']"
211001931,105,"['AIS412', 'AIS495', 'CSCI410', 'CSCI461', 'CSCI465/ECEN433', 'ENGL202']",AI-SR-5,"['AIS411', 'AIS412', 'AIS495', 'CSCI410', 'CSCI461', 'CSCI465/ECEN433', 'MATH203i', 'MATH301i']"
202000206,136,['AIS412'],AI-SR-1,"['AIS411', 'AIS412', 'AIS477', 'AIS495', 'CSCI410', 'CSCI461']"
202000575,136,['AIS412'],AI-SR-1,"['AIS411', 'AIS412', 'AIS477', 'AIS495', 'CSCI410', 'CSCI461']"
202001337,116,"['AIS477', 'AIS490', 'CSCI461', 'CSCI465/ECEN433']",AI-JR-10,"['AIS390', 'AIS490', 'CSCI410', 'CSCI461', 'CSCI465/ECEN433', 'MATH203i', 'MATH301i']"
202001138,109,"['AIS477', 'CSCI313/ECEN428', 'CSCI410', 'CSCI465/ECEN433', 'MATH301i']",AI-SR-2,"['AIS411', 'AIS412', 'AIS477', 'AIS495', 'CSCI313/ECEN428', 'CSCI410', 'CSCI465/ECEN433']"
202001902,129,"['AIS477', 'MATH203i']",AI-JR-6,"['AIS301', 'CSCI305', 'CSCI311/ECEN432', 'CSCI313/ECEN428', 'CSCI363', 'MATH203i']"
202000656,82,"['AIS490', 'CSCI410', 'CSCI461', 'CSCI465/ECEN433']",AI-JR-10,"['AIS390', 'AIS490', 'CSCI410', 'CSCI461', 'CSCI465/ECEN433', 'MATH203i', 'MATH301i']"
202000165,131,['AIS490'],,
202000993,118,"['AIS496', 'CSCI322', 'ENGL202', 'HUMA101', 'MATH301i']",AI-SR-4,"['AIS411', 'AIS412', 'AIS496', 'CSCI313/ECEN428', 'CSCI322', 'CSCI410', 'CSCI461']"
231000410,25,"['CSCI101', 'CSCI102', 'CSCI208', 'CSCI217', 'ECEN101C', 'ENGL003']",AI-FR-3,"['CSCI101', 'CSCI102', 'ENGL001', 'MATH111i']"
221001576,0,"['CSCI101', 'CSCI102', 'HUMA101', 'MATH211', 'PHYS101C']",AI-FR-2,"['CSCI101', 'CSCI102', 'ENGL002', 'HUMA101', 'MATH111i', 'PHYS101C']"
231001085,3,"['CSCI101', 'CSCI112', 'CSCI205', 'HUMA101', 'MATH211', 'PHYS101C']",AI-FR-1,"['CSCI102', 'CSCI205', 'ENGL000', 'HUMA101', 'MATH112i', 'MATH211', 'PHYS101C']"
231002186,13,"['CSCI101', 'CSCI112', 'ECEN101C', 'ENGL002', 'HUMA101']",AI-FR-2,"['CSCI101', 'CSCI102', 'ENGL002', 'HUMA101', 'MATH111i', 'PHYS101C']"
221000390,22,"['CSCI101', 'CSCI207/ECEN204', 'ECEN101C', 'ENGL003', 'MATH112i', 'MATH211']",AI-SO-3,"['CSCI207/ECEN204', 'ECEN101C', 'ENGL000', 'HUMA101', 'MATH112i', 'MATH201', 'MATH211']"
231000525,5,"['CSCI102', 'ENGL002', 'HUMA101', 'MATH211', 'PHYS101C']",AI-FR-2,"['CSCI101', 'CSCI102', 'ENGL002', 'HUMA101', 'MATH111i', 'PHYS101C']"
231000239,8,"['CSCI102', 'ENGL003', 'HUMA101', 'MATH112i', 'MATH201']",AI-FR-1,"['CSCI102', 'CSCI205', 'ENGL000', 'HUMA101', 'MATH112i', 'MATH211', 'PHYS101C']"
231000669,16,"['CSCI112', 'CSCI205', 'CSCI212', 'ENGL201', 'MATH112i', 'MATH211']",AI-FR-1,"['CSCI102', 'CSCI205', 'ENGL000', 'HUMA101', 'MATH112i', 'MATH211', 'PHYS101C']"
231001151,8,"['CSCI112', 'CSCI205', 'ENGL003', 'HUMA101', 'MATH211', 'PHYS101C']",AI-FR-1,"['CSCI102', 'CSCI205', 'ENGL000', 'HUMA101', 'MATH112i', 'MATH211', 'PHYS101C']"
202000423,9,"['CSCI112', 'CSCI205', 'HUMA101', 'MATH112i', 'MATH201']",AI-FR-1,"['CSCI102', 'CSCI205', 'ENGL000', 'HUMA101', 'MATH112i', 'MATH211', 'PHYS101C']"
231000276,22,"['CSCI205', 'CSCI207/ECEN204', 'CSCI212', 'ENGL002', 'MATH112i', 'MATH201']",AI-SO-1,"['CSCI207/ECEN204', 'CSCI212', 'ENGL000', 'HUMA101', 'MATH201', 'MATH203i']"
231000567,27,"['CSCI205', 'CSCI207/ECEN204', 'ECEN101C', 'MATH112i', 'MATH201']",AI-SO-3,"['CSCI207/ECEN204', 'ECEN101C', 'ENGL000', 'HUMA101', 'MATH112i', 'MATH201', 'MATH211']"
231000014,21,"['CSCI205', 'CSCI207/ECEN204', 'ENGL201', 'HUMA101', 'MATH112i', 'PHYS101C']",AI-SO-4,"['CSCI207/ECEN204', 'ENGL000', 'HUMA101', 'MATH112i', 'MATH211', 'PHYS101C']"
231000310,19,"['CSCI205', 'CSCI207/ECEN204', 'ENGL201', 'HUMA101', 'MATH112i', 'PHYS101C']",AI-SO-4,"['CSCI207/ECEN204', 'ENGL000', 'HUMA101', 'MATH112i', 'MATH211', 'PHYS101C']"
231000008,32,"['CSCI207/ECEN204', 'CSCI212', 'ENGL003', 'HUMA101', 'MATH201', 'MATH301i']",AI-SO-1,"['CSCI207/ECEN204', 'CSCI212', 'ENGL000', 'HUMA101', 'MATH201', 'MATH203i']"
231000040,28,"['CSCI207/ECEN204', 'CSCI212', 'ENGL003', 'HUMA101', 'MATH201', 'MATH301i']",AI-SO-1,"['CSCI207/ECEN204', 'CSCI212', 'ENGL000', 'HUMA101', 'MATH201', 'MATH203i']"
231002171,25,"['CSCI207/ECEN204', 'CSCI212', 'ENGL003', 'HUMA101', 'MATH211', 'MATH301i']",AI-SO-2,"['CSCI207/ECEN204', 'CSCI212', 'ENGL000', 'HUMA101', 'MATH201', 'MATH211']"
231000045,27,"['CSCI207/ECEN204', 'CSCI212', 'ENGL201', 'HUMA101', 'MATH112i', 'MATH201']",AI-SO-1,"['CSCI207/ECEN204', 'CSCI212', 'ENGL000', 'HUMA101', 'MATH201', 'MATH203i']"
231000005,30,"['CSCI207/ECEN204', 'CSCI212', 'ENGL201', 'HUMA101', 'MATH201', 'MATH301i']",AI-SO-1,"['CSCI207/ECEN204', 'CSCI212', 'ENGL000', 'HUMA101', 'MATH201', 'MATH203i']"
231000010,30,"['CSCI207/ECEN204', 'CSCI212', 'ENGL201', 'HUMA101', 'MATH201', 'MATH301i']",AI-SO-1,"['CSCI207/ECEN204', 'CSCI212', 'ENGL000', 'HUMA101', 'MATH201', 'MATH203i']"
231000032,30,"['CSCI207/ECEN204', 'CSCI212', 'ENGL201', 'HUMA101', 'MATH201', 'MATH301i']",AI-SO-1,"['CSCI207/ECEN204', 'CSCI212', 'ENGL000', 'HUMA101', 'MATH201', 'MATH203i']"
231000033,28,"['CSCI207/ECEN204', 'CSCI212', 'ENGL201', 'HUMA101', 'MATH201', 'MATH301i']",AI-SO-1,"['CSCI207/ECEN204', 'CSCI212', 'ENGL000', 'HUMA101', 'MATH201', 'MATH203i']"
231000063,32,"['CSCI207/ECEN204', 'CSCI212', 'ENGL201', 'HUMA101', 'MATH201', 'MATH301i']",AI-SO-1,"['CSCI207/ECEN204', 'CSCI212', 'ENGL000', 'HUMA101', 'MATH201', 'MATH203i']"
231000107,30,"['CSCI207/ECEN204', 'CSCI212', 'ENGL201', 'HUMA101', 'MATH201', 'MATH301i']",AI-SO-1,"['CSCI207/ECEN204', 'CSCI212', 'ENGL000', 'HUMA101', 'MATH201', 'MATH203i']"
231000119,30,"['CSCI207/ECEN204', 'CSCI212', 'ENGL201', 'HUMA101', 'MATH201', 'MATH301i']",AI-SO-1,"['CSCI207/ECEN204', 'CSCI212', 'ENGL000', 'HUMA101', 'MATH201', 'MATH203i']"
231000137,32,"['CSCI207/ECEN204', 'CSCI212', 'ENGL201', 'HUMA101', 'MATH201', 'MATH301i']",AI-SO-1,"['CSCI207/ECEN204', 'CSCI212', 'ENGL000', 'HUMA101', 'MATH201', 'MATH203i']"
231000200,30,"['CSCI207/ECEN204', 'CSCI212', 'ENGL201', 'HUMA101', 'MATH201', 'MATH301i']",AI-SO-1,"['CSCI207/ECEN204', 'CSCI212', 'ENGL000', 'HUMA101', 'MATH201', 'MATH203i']"
231000241,34,"['CSCI207/ECEN204', 'CSCI212', 'ENGL201', 'HUMA101', 'MATH201', 'MATH301i']",AI-SO-1,"['CSCI207/ECEN204', 'CSCI212', 'ENGL000', 'HUMA101', 'MATH201', 'MATH203i']"
231000272,35,"['CSCI207/ECEN204', 'CSCI212', 'ENGL201', 'HUMA101', 'MATH201', 'MATH301i']",AI-SO-1,"['CSCI207/ECEN204', 'CSCI212', 'ENGL000', 'HUMA101', 'MATH201', 'MATH203i']"
231000278,30,"['CSCI207/ECEN204', 'CSCI212', 'ENGL201', 'HUMA101', 'MATH201', 'MATH301i']",AI-SO-1,"['CSCI207/ECEN204', 'CSCI212', 'ENGL000', 'HUMA101', 'MATH201', 'MATH203i']"
231000334,30,"['CSCI207/ECEN204', 'CSCI212', 'ENGL201', 'HUMA101', 'MATH201', 'MATH301i']",AI-SO-1,"['CSCI207/ECEN204', 'CSCI212', 'ENGL000', 'HUMA101', 'MATH201', 'MATH203i']"
231000489,30,"['CSCI207/ECEN204', 'CSCI212', 'ENGL201', 'HUMA101', 'MATH201', 'MATH301i']",AI-SO-1,"['CSCI207/ECEN204', 'CSCI212', 'ENGL000', 'HUMA101', 'MATH201', 'MATH203i']"
231000491,30,"['CSCI207/ECEN204', 'CSCI212', 'ENGL201', 'HUMA101', 'MATH201', 'MATH301i']",AI-SO-1,"['CSCI207/ECEN204', 'CSCI212', 'ENGL000', 'HUMA101', 'MATH201', 'MATH203i']"
231000614,28,"['CSCI207/ECEN204', 'CSCI212', 'ENGL201', 'HUMA101', 'MATH201', 'MATH301i']",AI-SO-1,"['CSCI207/ECEN204', 'CSCI212', 'ENGL000', 'HUMA101', 'MATH201', 'MATH203i']"
231000620,32,"['CSCI207/ECEN204', 'CSCI212', 'ENGL201', 'HUMA101', 'MATH201', 'MATH301i']",AI-SO-1,"['CSCI207/ECEN204', 'CSCI212', 'ENGL000', 'HUMA101', 'MATH201', 'MATH203i']"
231000729,28,"['CSCI207/ECEN204', 'CSCI212', 'ENGL201', 'HUMA101', 'MATH201', 'MATH301i']",AI-SO-1,"['CSCI207/ECEN204', 'CSCI212', 'ENGL000', 'HUMA101', 'MATH201', 'MATH203i']"
231000764,28,"['CSCI207/ECEN204', 'CSCI212', 'ENGL201', 'HUMA101', 'MATH201', 'MATH301i']",AI-SO-1,"['CSCI207/ECEN204', 'CSCI212', 'ENGL000', 'HUMA101', 'MATH201', 'MATH203i']"
231000834,30,"['CSCI207/ECEN204', 'CSCI212', 'ENGL201', 'HUMA101', 'MATH201', 'MATH301i']",AI-SO-1,"['CSCI207/ECEN204', 'CSCI212', 'ENGL000', 'HUMA101', 'MATH201', 'MATH203i']"
231000848,30,"['CSCI207/ECEN204', 'CSCI212', 'ENGL201', 'HUMA101', 'MATH201', 'MATH301i']",AI-SO-1,"['CSCI207/ECEN204', 'CSCI212', 'ENGL000', 'HUMA101', 'MATH201', 'MATH203i']"
231000861,28,"['CSCI207/ECEN204', 'CSCI212', 'ENGL201', 'HUMA101', 'MATH201', 'MATH301i']",AI-SO-1,"['CSCI207/ECEN204', 'CSCI212', 'ENGL000', 'HUMA101', 'MATH201', 'MATH203i']"
231000897,30,"['CSCI207/ECEN204', 'CSCI212', 'ENGL201', 'HUMA101', 'MATH201', 'MATH301i']",AI-SO-1,"['CSCI207/ECEN204', 'CSCI212', 'ENGL000', 'HUMA101', 'MATH201', 'MATH203i']"
231000939,30,"['CSCI207/ECEN204', 'CSCI212', 'ENGL201', 'HUMA101', 'MATH201', 'MATH301i']",AI-SO-1,"['CSCI207/ECEN204', 'CSCI212', 'ENGL000', 'HUMA101', 'MATH201', 'MATH203i']"
231000957,30,"['CSCI207/ECEN204', 'CSCI212', 'ENGL201', 'HUMA101', 'MATH201', 'MATH301i']",AI-SO-1,"['CSCI207/ECEN204', 'CSCI212', 'ENGL000', 'HUMA101', 'MATH201', 'MATH203i']"
231001296,32,"['CSCI207/ECEN204', 'CSCI212', 'ENGL201', 'HUMA101', 'MATH201', 'MATH301i']",AI-SO-1,"['CSCI207/ECEN204', 'CSCI212', 'ENGL000', 'HUMA101', 'MATH201', 'MATH203i']"
231001984,30,"['CSCI207/ECEN204', 'CSCI212', 'ENGL201', 'HUMA101', 'MATH201', 'MATH301i']",AI-SO-1,"['CSCI207/ECEN204', 'CSCI212', 'ENGL000', 'HUMA101', 'MATH201', 'MATH203i']"
231000654,27,"['CSCI207/ECEN204', 'CSCI212', 'ENGL201', 'HUMA101', 'MATH211', 'MATH301i']",AI-SO-2,"['CSCI207/ECEN204', 'CSCI212', 'ENGL000', 'HUMA101', 'MATH201', 'MATH211']"
231000993,29,"['CSCI207/ECEN204', 'CSCI212', 'ENGL201', 'HUMA101', 'MATH211', 'MATH301i']",AI-SO-2,"['CSCI207/ECEN204', 'CSCI212', 'ENGL000', 'HUMA101', 'MATH201', 'MATH211']"
231000114,31,"['CSCI207/ECEN204', 'CSCI212', 'ENGL202', 'HUMA101', 'MATH201', 'MATH301i']",AI-SO-1,"['CSCI207/ECEN204', 'CSCI212', 'ENGL000', 'HUMA101', 'MATH201', 'MATH203i']"
231000313,31,"['CSCI207/ECEN204', 'CSCI212', 'ENGL202', 'HUMA101', 'MATH201', 'MATH301i']",AI-SO-1,"['CSCI207/ECEN204', 'CSCI212', 'ENGL000', 'HUMA101', 'MATH201', 'MATH203i']"
231000573,33,"['CSCI207/ECEN204', 'CSCI212', 'ENGL202', 'HUMA101', 'MATH201', 'MATH301i']",AI-SO-1,"['CSCI207/ECEN204', 'CSCI212', 'ENGL000', 'HUMA101', 'MATH201', 'MATH203i']"
231000650,33,"['CSCI207/ECEN204', 'CSCI212', 'ENGL202', 'HUMA101', 'MATH201', 'MATH301i']",AI-SO-1,"['CSCI207/ECEN204', 'CSCI212', 'ENGL000', 'HUMA101', 'MATH201', 'MATH203i']"
231000765,33,"['CSCI207/ECEN204', 'CSCI212', 'ENGL202', 'HUMA101', 'MATH201', 'MATH301i']",AI-SO-1,"['CSCI207/ECEN204', 'CSCI212', 'ENGL000', 'HUMA101', 'MATH201', 'MATH203i']"
231001806,16,"['CSCI207/ECEN204', 'ECEN101C', 'ENGL002', 'HUMA101', 'MATH111i', 'MATH211']",AI-SO-3,"['CSCI207/ECEN204', 'ECEN101C', 'ENGL000', 'HUMA101', 'MATH112i', 'MATH201', 'MATH211']"
222000008,26,"['CSCI207/ECEN204', 'ECEN101C', 'ENGL002', 'HUMA101', 'MATH112i', 'MATH201']",AI-SO-3,"['CSCI207/ECEN204', 'ECEN101C', 'ENGL000', 'HUMA101', 'MATH112i', 'MATH201', 'MATH211']"
231001438,21,"['CSCI207/ECEN204', 'ECEN101C', 'ENGL003', 'HUMA101', 'MATH111i']",AI-SO-3,"['CSCI207/ECEN204', 'ECEN101C', 'ENGL000', 'HUMA101', 'MATH112i', 'MATH201', 'MATH211']"
231000291,26,"['CSCI207/ECEN204', 'ECEN101C', 'ENGL003', 'HUMA101', 'MATH112i', 'MATH201']",AI-SO-3,"['CSCI207/ECEN204', 'ECEN101C', 'ENGL000', 'HUMA101', 'MATH112i', 'MATH201', 'MATH211']"
231000380,26,"['CSCI207/ECEN204', 'ECEN101C', 'ENGL003', 'HUMA101', 'MATH112i', 'MATH201']",AI-SO-3,"['CSCI207/ECEN204', 'ECEN101C', 'ENGL000', 'HUMA101', 'MATH112i', 'MATH201', 'MATH211']"
231001137,25,"['CSCI207/ECEN204', 'ECEN101C', 'ENGL003', 'HUMA101', 'MATH201', 'MATH301i']",AI-SO-3,"['CSCI207/ECEN204', 'ECEN101C', 'ENGL000', 'HUMA101', 'MATH112i', 'MATH201', 'MATH211']"
231000038,28,"['CSCI207/ECEN204', 'ECEN101C', 'ENGL201', 'HUMA101', 'MATH112i', 'MATH201']",AI-SO-3,"['CSCI207/ECEN204', 'ECEN101C', 'ENGL000', 'HUMA101', 'MATH112i', 'MATH201', 'MATH211']"
231000222,26,"['CSCI207/ECEN204', 'ECEN101C', 'ENGL201', 'HUMA101', 'MATH112i', 'MATH201']",AI-SO-3,"['CSCI207/ECEN204', 'ECEN101C', 'ENGL000', 'HUMA101', 'MATH112i', 'MATH201', 'MATH211']"
231000281,26,"['CSCI207/ECEN204', 'ECEN101C', 'ENGL201', 'HUMA101', 'MATH112i', 'MATH201']",AI-SO-3,"['CSCI207/ECEN204', 'ECEN101C', 'ENGL000', 'HUMA101', 'MATH112i', 'MATH201', 'MATH211']"
231000734,26,"['CSCI207/ECEN204', 'ECEN101C', 'ENGL201', 'HUMA101', 'MATH112i', 'MATH201']",AI-SO-3,"['CSCI207/ECEN204', 'ECEN101C', 'ENGL000', 'HUMA101', 'MATH112i', 'MATH201', 'MATH211']"
231000774,26,"['CSCI207/ECEN204', 'ECEN101C', 'ENGL201', 'HUMA101', 'MATH112i', 'MATH201']",AI-SO-3,"['CSCI207/ECEN204', 'ECEN101C', 'ENGL000', 'HUMA101', 'MATH112i', 'MATH201', 'MATH211']"
231000847,28,"['CSCI207/ECEN204', 'ECEN101C', 'ENGL201', 'HUMA101', 'MATH112i', 'MATH201']",AI-SO-3,"['CSCI207/ECEN204', 'ECEN101C', 'ENGL000', 'HUMA101', 'MATH112i', 'MATH201', 'MATH211']"
231001486,23,"['CSCI207/ECEN204', 'ECEN101C', 'ENGL201', 'HUMA101', 'MATH112i', 'MATH211']",AI-SO-3,"['CSCI207/ECEN204', 'ECEN101C', 'ENGL000', 'HUMA101', 'MATH112i', 'MATH201', 'MATH211']"
231000941,27,"['CSCI207/ECEN204', 'ECEN101C', 'ENGL201', 'MATH112i', 'MATH211']",AI-SO-3,"['CSCI207/ECEN204', 'ECEN101C', 'ENGL000', 'HUMA101', 'MATH112i', 'MATH201', 'MATH211']"
231000470,26,"['CSCI207/ECEN204', 'ECEN101C', 'ENGL202', 'HUMA101', 'MATH112i', 'MATH211']",AI-SO-3,"['CSCI207/ECEN204', 'ECEN101C', 'ENGL000', 'HUMA101', 'MATH112i', 'MATH201', 'MATH211']"
231000274,16,"['CSCI207/ECEN204', 'ECEN101C', 'HUMA101', 'MATH111i', 'MATH211']",AI-SO-3,"['CSCI207/ECEN204', 'ECEN101C', 'ENGL000', 'HUMA101', 'MATH112i', 'MATH201', 'MATH211']"
231000154,19,"['CSCI207/ECEN204', 'ENGL003', 'HUMA101', 'MATH112i', 'MATH201']",AI-SO-3,"['CSCI207/ECEN204', 'ECEN101C', 'ENGL000', 'HUMA101', 'MATH112i', 'MATH201', 'MATH211']"
231000018,24,"['CSCI207/ECEN204', 'ENGL201', 'HUMA101', 'MATH112i', 'PHYS101C']",AI-SO-4,"['CSCI207/ECEN204', 'ENGL000', 'HUMA101', 'MATH112i', 'MATH211', 'PHYS101C']"
231000363,18,"['CSCI207/ECEN204', 'ENGL201', 'HUMA101', 'MATH211', 'PHYS101C']",AI-SO-4,"['CSCI207/ECEN204', 'ENGL000', 'HUMA101', 'MATH112i', 'MATH211', 'PHYS101C']"
221000728,46,"['CSCI208', 'CSCI212', 'CSCI217', 'CSCI322', 'HUMA101']",AI-SO-5,"['CSCI208', 'CSCI212', 'CSCI217', 'CSCI311/ECEN432', 'CSCI322', 'ENGL000', 'HUMA101', 'MATH203i']"
221000348,48,"['CSCI208', 'CSCI212', 'CSCI305', 'CSCI313/ECEN428', 'CSCI322', 'CSCI363', 'MATH203i', 'MATH301i']",AI-SO-7,"['CSCI212', 'CSCI305', 'CSCI311/ECEN432', 'CSCI313/ECEN428', 'CSCI322', 'CSCI363', 'ENGL000', 'MATH203i']"
221000143,44,"['CSCI208', 'CSCI217', 'CSCI311/ECEN432', 'CSCI322', 'ENGL201', 'MATH203i']",AI-SO-5,"['CSCI208', 'CSCI212', 'CSCI217', 'CSCI311/ECEN432', 'CSCI322', 'ENGL000', 'HUMA101', 'MATH203i']"
221002164,40,"['CSCI208', 'CSCI217', 'CSCI311/ECEN432', 'ENGL201', 'MATH203i', 'PHYS101C']",AI-SO-5,"['CSCI208', 'CSCI212', 'CSCI217', 'CSCI311/ECEN432', 'CSCI322', 'ENGL000', 'HUMA101', 'MATH203i']"
221000267,45,"['CSCI208', 'CSCI217', 'CSCI322', 'ECEN101C', 'ENGL202', 'MATH203i']",AI-SO-5,"['CSCI208', 'CSCI212', 'CSCI217', 'CSCI311/ECEN432', 'CSCI322', 'ENGL000', 'HUMA101', 'MATH203i']"
231000343,33,"['CSCI208', 'CSCI217', 'CSCI410', 'ECEN101C', 'ENGL201', 'HUMA101']",AI-SO-5,"['CSCI208', 'CSCI212', 'CSCI217', 'CSCI311/ECEN432', 'CSCI322', 'ENGL000', 'HUMA101', 'MATH203i']"
211000590,39,"['CSCI208', 'CSCI217', 'ECEN101C', 'ENGL003', 'MATH201', 'MATH203i']",AI-SO-5,"['CSCI208', 'CSCI212', 'CSCI217', 'CSCI311/ECEN432', 'CSCI322', 'ENGL000', 'HUMA101', 'MATH203i']"
211000318,17,"['CSCI208', 'CSCI217', 'HUMA101', 'MATH211', 'PHYS101C']",AI-SO-4,"['CSCI207/ECEN204', 'ENGL000', 'HUMA101', 'MATH112i', 'MATH211', 'PHYS101C']"
221000289,54,"['CSCI208', 'CSCI305', 'CSCI311/ECEN432', 'CSCI313/ECEN428', 'CSCI322', 'CSCI363', 'MATH301i']",AI-SO-6,"['CSCI208', 'CSCI305', 'CSCI311/ECEN432', 'CSCI313/ECEN428', 'CSCI363', 'MATH301i', 'PHYS101C']"
211000239,32,"['CSCI208', 'CSCI305', 'CSCI363', 'ENGL202', 'MATH211', 'PHYS101C']",AI-SO-6,"['CSCI208', 'CSCI305', 'CSCI311/ECEN432', 'CSCI313/ECEN428', 'CSCI363', 'MATH301i', 'PHYS101C']"
211000781,34,"['CSCI212', 'CSCI217', 'ENGL002', 'HUMA101', 'MATH111i']",AI-FR-2,"['CSCI101', 'CSCI102', 'ENGL002', 'HUMA101', 'MATH111i', 'PHYS101C']"
221000019,51,"['CSCI212', 'CSCI217', 'ENGL202', 'MATH201']",AI-SO-1,"['CSCI207/ECEN204', 'CSCI212', 'ENGL000', 'HUMA101', 'MATH201', 'MATH203i']"
211000018,56,"['CSCI212', 'CSCI305', 'CSCI313/ECEN428', 'CSCI322', 'CSCI363']",AI-SO-7,"['CSCI212', 'CSCI305', 'CSCI311/ECEN432', 'CSCI313/ECEN428', 'CSCI322', 'CSCI363', 'ENGL000', 'MATH203i']"
211001864,47,"['CSCI212', 'CSCI322', 'CSCI363', 'CSCI461', 'MATH211', 'MATH301i']",AI-JR-7,"['AIS301', 'CSCI305', 'CSCI311/ECEN432', 'CSCI322', 'CSCI363', 'ENGL000', 'MATH203i', 'MATH301i']"
221001050,57,"['CSCI217', 'CSCI311/ECEN432', 'CSCI322', 'MATH203i']",AI-SO-5,"['CSCI208', 'CSCI212', 'CSCI217', 'CSCI311/ECEN432', 'CSCI322', 'ENGL000', 'HUMA101', 'MATH203i']"
211000308,57,"['CSCI305', 'CSCI311/ECEN432', 'CSCI322', 'CSCI363', 'ENGL003', 'MATH203i']",AI-JR-7,"['AIS301', 'CSCI305', 'CSCI311/ECEN432', 'CSCI322', 'CSCI363', 'ENGL000', 'MATH203i', 'MATH301i']"
221000166,54,"['CSCI305', 'CSCI313/ECEN428', 'CSCI322', 'CSCI363', 'ECEN101C', 'ENGL202']",AI-JR-4,"['AIS301', 'CSCI305', 'CSCI311/ECEN432', 'CSCI313/ECEN428', 'CSCI322', 'CSCI363', 'ENGL000']"
211001634,59,"['CSCI305', 'CSCI313/ECEN428', 'CSCI363', 'ENGL202', 'HUMA101', 'MATH201']",AI-JR-9,"['AIS390', 'AIS490', 'CSCI305', 'CSCI311/ECEN432', 'CSCI313/ECEN428', 'CSCI363', 'ENGL000', 'HUMA101']"
211001524,48,"['CSCI461', 'CSCI465/ECEN433', 'ECEN101C', 'ENGL201', 'MATH112i', 'MATH201']",AI-SO-3,"['CSCI207/ECEN204', 'ECEN101C', 'ENGL000', 'HUMA101', 'MATH112i', 'MATH201', 'MATH211']"
202001958,127,"['ENGL202', 'MATH203i']",,
202000756,133,['ENGL202'],,
202000440,133,['MATH111i'],,
